id,región,region2,distrito,nombre,lista,partido,fuente,fecha,link,link2
1,Arica,0.5,1,Rosa Cortez Contreras,Unidad Constituyente,PS,interno,,,
2,Tarapaca,1,2,Julio Ruiz Fernández,Unidad Constituyente,PS,interno,,,
3,Antofagasta,2,3,Felipe Ward,Chile Vamos,UDI,La Segunda 29 de septiembre,,,
4,Antofagasta,2,3,Cristián Cuevas,Chile Digno,Victoria Popular,https://twitter.com/TitoAed0/status/1313486749457408006,,,
5,Antofagasta,2,3,Romina Ávalos Vergara,Frente Amplio,RD,interno,,,
6,Antofagasta,2,3,Aurora Williams,Unidad Constituyente,PR,La Segunda 4 de septiembre,,,
7,Antofagasta,2,3,Cristóbal Orellana Jara,Unidad Constituyente,PS,interno,,,
8,Antofagasta,2,3,Jacqueline Santander,Unidad Constituyente,PS,interno,,,
9,Antofagasta,2,3,Felipe Berríos,,Ind,interno,https://www.lacuarta.com/cronica/noticia/felipe-berrios-bose-suenan-constituyentes/560209/,,
10,Atacama,3,4,Patricio Pinto Castro,Frente Amplio,RD,interno,,,
11,Atacama,3,4,Eduardo Herrera,Unidad Constituyente,PS,interno,,,
12,Coquimbo,4,5,Cedric Steinlen Cuevas,Frente Amplio,RD,interno,,,
13,Coquimbo,4,5,Gonzalo Cortés Moreno,Unidad Constituyente,PS,interno,,,
14,Coquimbo,4,5,Jaime Castillo Aliaga,Unidad Constituyente,PS,interno,,,
15,Coquimbo,4,5,Francisco Jiménez Vega,Unidad Constituyente,PS,interno,,,
16,Coquimbo,4,5,Matías Orellana Cuellar,Unidad Constituyente,PS,interno,,,
17,Coquimbo,4,5,Patricio Rubio Aguirre,Unidad Constituyente,PS,interno,,,
18,Coquimbo,4,5,Alfredo Chaparro Uribe,Unidad Constituyente,PS,interno,,,
19,Valparaíso,5,6,Alejandra Toledo,Frente Amplio,RD,interno,,,
20,Valparaíso,5,6,Ignacio Walker,Unidad Constituyente,DC,La Segunda 4 de septiembre,,,
21,Valparaíso,5,6,Carmen Obreque,Unidad Constituyente,PS,interno,,,
22,Valparaíso,5,6,Roberto Santa Cruz,Unidad Constituyente,PS,interno,,,
23,Valparaíso,5,6,Alfaro Díaz Sandoval,Unidad Constituyente,PS,interno,,,
24,Valparaíso,5,6,Jorge Morales Farías,Unidad Constituyente,PS,interno,,,
25,Valparaíso,5,6,Sergio Olivares Palma,Unidad Constituyente,PS,interno,,,
26,Valparaíso,5,6,Claudio Gómez Castro,Independiente,Ind,DM twitter,,,
27,Valparaíso,5,6,Bárbara Astudillo,Frente Amplio,CS,DM twitter,,,
28,Valparaíso,5,7,Arturo Squella,Chile Vamos,UDI,La Segunda 29 de septiembre,,,
29,Valparaíso,5,7,Jaime Bassa,Frente Amplio,Ind,interno,,,
30,Valparaíso,5,7,Agustín Squella,Frente Amplio,PL,interno,,,
31,Valparaíso,5,7,María Oyarzún Solis,Frente Amplio,RD,interno,,,
32,Valparaíso,5,7,Paula Gutiérrez,Unidad Constituyente,PS,interno,,,
33,Valparaíso,5,7,Constanza Valdés,Frente Amplio,Comunes,La Segunda,29-10-2020,,
34,Metropolitana,5.5,8,Ignacio Miranda Osorio,Frente Amplio,RD,interno,,,
35,Metropolitana,5.5,8,Maga Miranda Díaz,Frente Amplio,RD,interno,,,
36,Metropolitana,5.5,8,Tatiana Urrutia Herrera,Frente Amplio,RD,interno,,,
37,Metropolitana,5.5,8,Rodrigo Rettig,Unidad Constituyente,CIU,interno,,,
38,Metropolitana,5.5,8,Camilo Lagos,Unidad Constituyente,PRO,La Segunda 4 de septiembre,,,
39,Metropolitana,5.5,8,Johnny Carrasco,Unidad Constituyente,PS,https://www.t13.cl/noticia/politica/eyzaguirre-constituyente-cartas-prepara-oposicion-batalla-constitucional,,,
40,Metropolitana,5.5,8,Víctor Saavedra Cortes,Unidad Constituyente,PS,interno,,,
41,Metropolitana,5.5,8,Óscar Sandoval,Unidad Constituyente,PS,interno,,,
42,Metropolitana,5.5,8,Pedro Blaset Castro,Unidad Constituyente,PS,interno,,,
43,Metropolitana,5.5,8,Cindy Solis Ibarra,Unidad Constituyente,PS,interno,,,
44,Metropolitana,5.5,8,Daniel Stingo,Frente Amplio,Ind,interno,29-10-2020,https://www.publimetro.cl/cl/noticias/2020/10/29/daniel-stingo-constituyente.html,
45,Metropolitana,5.5,8,Graciela Ortúzar,Chile Vamos,RN,La Segunda 29 de septiembre,,,
46,Metropolitana,5.5,8,Doris González,Frente Amplio,Comunes,La Segunda,29-10-2020,,
47,Metropolitana,5.5,9,Karla Rubilar,Chile Vamos,RN,La Segunda 29 de septiembre,,,
48,Metropolitana,5.5,9,Jorge Maldonado,Frente Amplio,RD,interno,,,
49,Metropolitana,5.5,9,Marcela Sandoval,Frente Amplio,RD,interno,,,
50,Metropolitana,5.5,9,Gastón Fuentealba,Unidad Constituyente,PS,interno,,,
51,Metropolitana,5.5,9,Nicolás Godoy Fuentes,Unidad Constituyente,PS,interno,,,
52,Metropolitana,5.5,9,Roberto Santa Cruz,Unidad Constituyente,PS,interno,,,
53,Metropolitana,5.5,9,Rodrigo Valladares ,Unidad Constituyente,PS,interno,,,
54,Metropolitana,5.5,9,Ricardo Azócar Reyes,Unidad Constituyente,PS,interno,,,
55,Metropolitana,5.5,9,Juan Andrés Lagos,Chile Digno,PC,La Segunda 4 de septiembre,,,
56,Metropolitana,5.5,9,Bárbara Sepúlveda,Chile Digno,PC,interno,,,
57,Metropolitana,5.5,9,Juan Pablo Sanhueza,Frente Amplio,Comunes,DM twitter,,,
58,Metropolitana,5.5,9,Alexis Aravena Navarro,Unidad Constituyente,DC,interno,30-10-2020,,
59,Metropolitana,5.5,9,Lincoyán Mora Vitta,Unidad Constituyente,DC,interno,30-10-2020,,
60,Metropolitana,5.5,9,Emmanuel Parada Carvajal,Unidad Constituyente,DC,interno,30-10-2020,,
61,Metropolitana,5.5,9,Reinaldo Riveros Martínez,Unidad Constituyente,DC,interno,30-10-2020,,
62,Metropolitana,5.5,9,Camila Briceño Carrasco,Unidad Constituyente,DC,interno,30-10-2020,,
63,Metropolitana,5.5,9,Jorge Cash Saéz,Unidad Constituyente,DC,interno,30-10-2020,,
64,Metropolitana,5.5,9,Alejandra Acevedo Escobar,Unidad Constituyente,DC,interno,30-10-2020,,
65,Metropolitana,5.5,9,Alain Anjari Vivallos,Unidad Constituyente,DC,interno,30-10-2020,,
66,Metropolitana,5.5,9,Constanza Schönhaut,Frente Amplio,CS,DM twitter,30-10-2020,,
67,Metropolitana,5.5,10,Hernán Larraín Matte,Chile Vamos,Evopoli,https://twitter.com/Censelio/status/1310968357135544321,,,
68,Metropolitana,5.5,10,Raúl Alcaíno,Chile Vamos,Evopoli,https://twitter.com/Censelio/status/1310968357135544321,,,
69,Metropolitana,5.5,10,Mariana Loyola,Frente Amplio,Ind,interno,,,
70,Metropolitana,5.5,10,Patricio Fernández,Frente Amplio,PL,https://twitter.com/VonKlugermann/status/1313495991044255747,,,
71,Metropolitana,5.5,10,Giovanna Roa,Frente Amplio,RD,La Segunda 4 de septiembre,,,
72,Metropolitana,5.5,10,Carlos Benítez,Frente Amplio,RD,interno,,,
73,Metropolitana,5.5,10,Paula Poblete Maureira,Frente Amplio,RD,interno,,,
74,Metropolitana,5.5,10,Emilia Schneider,Frente Amplio,Comunes,La Segunda,29-10-2020,,
75,Metropolitana,5.5,10,Ignacia Gómez,Unidad Constituyente,CIU,interno,,,
76,Metropolitana,5.5,10,Cristóbal Bellolio,Unidad Constituyente,CIU,interno,,,
77,Metropolitana,5.5,10,Patricio Zapata,Unidad Constituyente,DC,interno,,https://www.t13.cl/noticia/plebiscito-2020/politica/zapata-aclara-dudas-plebiscito-constitucion-29-09-2020,https://www.t13.cl/noticia/plebiscito-2020/politica/convencion-constitucional-candidatos-eleccion-plebiscito-27-10-2020
78,Metropolitana,5.5,10,Jorge Burgos,Unidad Constituyente,DC,interno,,,
79,Metropolitana,5.5,10,Laura Albornoz,Unidad Constituyente,DC,https://www.t13.cl/noticia/politica/eyzaguirre-constituyente-cartas-prepara-oposicion-batalla-constitucional,,,
80,Metropolitana,5.5,10,Jorge Canals,Unidad Constituyente,DC,interno,,,
81,Metropolitana,5.5,10,Lucía López,Unidad Constituyente,PPD,T13,27-10-2020,https://twitter.com/lucialopezchile/status/1301990633406713857,https://www.t13.cl/noticia/plebiscito-2020/politica/convencion-constitucional-candidatos-eleccion-plebiscito-27-10-2020
82,Metropolitana,5.5,10,Claudio Burgos,Unidad Constituyente,PS,interno,,,
83,Metropolitana,5.5,10,Georgina Cortés Araya,Unidad Constituyente,PS,interno,,,
84,Metropolitana,5.5,10,Catalina Lagos Tschorne,Unidad Constituyente,PS,interno,,,
85,Metropolitana,5.5,10,Servando Omerovich,Unidad Constituyente,PS,interno,,,
86,Metropolitana,5.5,10,Danae Mlynarz Puig,Unidad Constituyente,PS,interno,,,
87,Metropolitana,5.5,10,Eduardo Alfaro Jofre,Unidad Constituyente,PS,interno,,,
88,Metropolitana,5.5,10,Luis Correa Bluas,Unidad Constituyente,PS,interno,,,
89,Metropolitana,5.5,10,María Díaz Perez,Unidad Constituyente,PS,interno,,,
90,Metropolitana,5.5,10,Matías Salazar Zegers,Unidad Constituyente,PS,interno,,,
91,Metropolitana,5.5,10,Raúl Díaz Navarro,Unidad Constituyente,PS,interno,,,
92,Metropolitana,5.5,10,Carolina Garrido Silva,Unidad Constituyente,PS,interno,,,
93,Metropolitana,5.5,10,Esteban Vergara,Unidad Constituyente,PS,interno,,,
94,Metropolitana,5.5,10,María Veglia Quintana,Unidad Constituyente,PS,interno,,,
95,Metropolitana,5.5,10,Nicolás Godoy,Unidad Constituyente,PS,interno,,,
96,Metropolitana,5.5,10,Ricardo Montero,Unidad Constituyente,PS,interno,,,
97,Metropolitana,5.5,10,Roberto Santa Cruz,Unidad Constituyente,PS,interno,,,
98,Metropolitana,5.5,10,David Rojas Lizama,Unidad Constituyente,PS,interno,,,
99,Metropolitana,5.5,10,Héctor Aranguiz,Unidad Constituyente,PS,interno,,,
100,Metropolitana,5.5,10,Santiago Mansilla,Unidad Constituyente,PS,interno,,,
101,Metropolitana,5.5,10,Gutenberg Martínez,,,La Segunda 4 de septiembre,,,
102,Metropolitana,5.5,10,Javiera Toro,Frente Amplio,Comunes,interno,,,
103,Metropolitana,5.5,10,Fernando Atria,Frente Amplio,Fuerza Común,La Segunda 4 de septiembre,interno,,
104,Metropolitana,5.5,10,Carlos Ruiz,Frente Amplio,Comunes,La Segunda 4 de septiembre,29-10-2020,,
105,Metropolitana,5.5,10,Jorge Schaulsohn,,,T13,27-10-2020,https://www.t13.cl/noticia/plebiscito-2020/politica/convencion-constitucional-candidatos-eleccion-plebiscito-27-10-2029,
106,Metropolitana,5.5,10,Pablo Arellano,Frente Amplio,Ind,DM twitter,,,
107,Metropolitana,5.5,10,Nicolás Muñoz,Independiente,Ind,interno,30-10-2020,,
108,Metropolitana,5.5,10,Antonia Orrellana,Frente Amplio,CS,DM twitter,,,
109,Metropolitana,5.5,10,Rodrigo Mallea,Frente Amplio,Cs,DM twitter,30-10-2020,,
110,Metropolitana,5.5,11,Marcela Díaz,Chile Vamos,RN,https://www.latercera.com/politica/noticia/hijas-de-pinera-y-desbordes-y-dos-subsecretarios-las-cartas-de-rn-para-la-convencion-constitucional/5V2FTWH5L5A7JNIFJIV7QKRPMQ/,,,
111,Metropolitana,5.5,11,Pablo González,Chile Vamos,RN,https://www.latercera.com/politica/noticia/hijas-de-pinera-y-desbordes-y-dos-subsecretarios-las-cartas-de-rn-para-la-convencion-constitucional/5V2FTWH5L5A7JNIFJIV7QKRPMQ/,,,
112,Metropolitana,5.5,11,Karin Ebensperger,Chile Vamos,RN,https://www.latercera.com/politica/noticia/hijas-de-pinera-y-desbordes-y-dos-subsecretarios-las-cartas-de-rn-para-la-convencion-constitucional/5V2FTWH5L5A7JNIFJIV7QKRPMQ/,,,
113,Metropolitana,5.5,11,Raphael Bergoeing,Chile Vamos,Evopoli,interno,,,
114,Metropolitana,5.5,11,Magdalena Piñera Morel,Chile Vamos,Ind,https://www.latercera.com/politica/noticia/hijas-de-pinera-y-desbordes-y-dos-subsecretarios-las-cartas-de-rn-para-la-convencion-constitucional/5V2FTWH5L5A7JNIFJIV7QKRPMQ/,,,
115,Metropolitana,5.5,11,Carolina Perez Dattari,Frente Amplio,RD,interno,,,
116,Metropolitana,5.5,11,Elisa Walker,Unidad Constituyente,DC,interno,,https://www.t13.cl/noticia/plebiscito-2020/politica/convencion-constitucional-candidatos-eleccion-plebiscito-27-10-2020,
117,Metropolitana,5.5,11,Soledad Alvear,Unidad Constituyente,DC,https://www.chvnoticias.cl/nacional/plebiscito-2020-nombres-candidatos-convencion-constituyente_20200907/,,,
118,Metropolitana,5.5,11,Paulina Soriano Fuenzalida,Unidad Constituyente,PS,interno,,,
119,Metropolitana,5.5,11,Antonia Matus Ramírez,Unidad Constituyente,PS,interno,,,
120,Metropolitana,5.5,11,Maite Desconvieres,Unidad Constituyente,PS,interno,,,
121,Metropolitana,5.5,11,Luis Acevedo Espíndola,Unidad Constituyente,PS,interno,,,
122,Metropolitana,5.5,11,Nicolás Godoy Fuentes,Unidad Constituyente,PS,interno,,,
123,Metropolitana,5.5,11,Roberto Santa Cruz,Unidad Constituyente,PS,interno,,,
124,Metropolitana,5.5,11,Juan Cantuarias,Unidad Constituyente,PS,interno,,,
125,Metropolitana,5.5,11,Roberto Amaro Castillo,Unidad Constituyente,PS,interno,,,
126,Metropolitana,5.5,11,Laura Echeverría Correa,Unidad Constituyente,PS,interno,,,
127,Metropolitana,5.5,11,Juan Enrique Pi,,,interno,,,
128,Metropolitana,5.5,11,Mariana Aylwin,Chile Vamos,Evopoli,interno,27-10-2020,https://www.cnnchile.com/pais/mariana-aylwin-postulara-constituyente-evopoli-alianza_20201027/,https://www.t13.cl/noticia/plebiscito-2020/politica/convencion-constitucional-candidatos-eleccion-plebiscito-27-10-2020
129,Metropolitana,5.5,11,Mario Waissbluth,,,https://twitter.com/EduardodeAguirr/status/1313537087682097152,,,
130,Metropolitana,5.5,11,Marta Lagos,,,https://twitter.com/mmlagoscc/status/1313553356816896001,,,
131,Metropolitana,5.5,11,Nerea de Ugarte,Independiente,Ind,https://twitter.com/nereadeugarte/status/1321515513818845185,28-10-2020,,
132,Metropolitana,5.5,11,Haydee Oberreuter,Frente Amplio,Comunes,La Segunda,29-10-2020,,
133,Metropolitana,5.5,11,Henry Boys,,,T13,27-10-2020,https://www.t13.cl/noticia/plebiscito-2020/politica/convencion-constitucional-candidatos-eleccion-plebiscito-27-10-2030,https://twitter.com/realHenryBoys/status/1320531241452666885
134,Metropolitana,5.5,12,Margarita Portuguez,Frente Amplio,RD,interno,,,
135,Metropolitana,5.5,12,Romanina Morales ,Unidad Constituyente,PS,interno,,,
136,Metropolitana,5.5,12,Matías Salazar,Unidad Constituyente,PS,interno,,,
137,Metropolitana,5.5,12,Camilo Riquelme García,Unidad Constituyente,PS,interno,,,
138,Metropolitana,5.5,12,Luis Bustamante Pardo,Unidad Constituyente,PS,interno,,,
139,Metropolitana,5.5,12,Pascal Merino,Unidad Constituyente,PS,interno,,,
140,Metropolitana,5.5,12,Salvador Millaleo,Unidad Constituyente,PS,interno,,,
141,Metropolitana,5.5,12,Víctor Díaz Escobar,Unidad Constituyente,PS,interno,,,
142,Metropolitana,5.5,12,Camila Bustamante,Unidad Constituyente,PS,interno,,,
143,Metropolitana,5.5,12,Francisca Figueroa,Unidad Constituyente,PS,interno,,,
144,Metropolitana,5.5,12,Julio Pizarro Saavedra,Unidad Constituyente,PS,interno,,,
145,Metropolitana,5.5,12,Patricio Espinoza,Unidad Constituyente,PS,interno,,,
146,Metropolitana,5.5,12,Benito Baranda,,Ind,T13,27-10-2020,https://www.t13.cl/noticia/plebiscito-2020/politica/convencion-constitucional-candidatos-eleccion-plebiscito-27-10-2028,
147,Metropolitana,5.5,12,Víctor Orellana,Frente Amplio,Comunes,DM twitter,30-10-2020,,
148,Metropolitana,5.5,13,Daniel Andrade Schwarze,Frente Amplio,RD,interno,,,
149,Metropolitana,5.5,13,Eduardo Muñoz,Unidad Constituyente,PS,interno,,,
150,Metropolitana,5.5,13,Fabián Leiva Leiva,Unidad Constituyente,PS,interno,,,
151,Metropolitana,5.5,13,Manuel Coña Pirul,Unidad Constituyente,PS,interno,,,
152,Metropolitana,5.5,13,Christian Pizarro Mondaca,Unidad Constituyente,PS,interno,,,
153,Metropolitana,5.5,14,Pablo Longueira,Chile Vamos,UDI,https://www.chvnoticias.cl/nacional/plebiscito-2020-nombres-candidatos-convencion-constituyente_20200907/,,,
154,Metropolitana,5.5,14,Marcelino Romero ,Frente Amplio,RD,interno,,,
155,Metropolitana,5.5,14,Paz Gajardo Daneri,Frente Amplio,RD,interno,,,
156,Metropolitana,5.5,14,Denise Pascal,Unidad Constituyente,PS,La Segunda 4 de septiembre,,,
157,Metropolitana,5.5,14,Christián Segovia Cabello,Unidad Constituyente,PS,interno,,,
158,Metropolitana,5.5,14,José Vásquez Silva,Unidad Constituyente,PS,interno,,,
159,Metropolitana,5.5,14,Fabiola Freire Aguilar,Unidad Constituyente,PS,interno,,,
160,Metropolitana,5.5,14,Manuel Covarrubias Donoso,Unidad Constituyente,PS,interno,,,
161,Metropolitana,5.5,14,Raul Godoy Rosas,Unidad Constituyente,PS,interno,,,
162,Metropolitana,5.5,14,Yonild Navarro Ruiz,Unidad Constituyente,PS,interno,,,
163,Metropolitana,5.5,14,Ignacio Achurra,Frente Amplio,Ind,DM twitter,30-10-2020,,
164,Metropolitana,5.5,14,Diego Calderón,Unidad Constituyente,DC,DM twitter,30-10-2020,,
165,O'Higgins,6,15,Diego Rivera Espinoza,Frente Amplio,RD,interno,,,
166,O'Higgins,6,15,Ana Martínez Chamorro,Frente Amplio,RD,interno,,,
167,O'Higgins,6,16,Juan Pablo Arriaza Zalá,Frente Amplio,RD,interno,,,
168,O'Higgins,6,16,Jaime Silva Aguilera,Unidad Constituyente,PS,interno,,,
169,O'Higgins,6,16,César Silva Caroca,Unidad Constituyente,PS,interno,,,
170,O'Higgins,6,16,Jorge Errázuriz,,,La Segunda 29 de septiembre,,,
171,Maule,7,17,Fabián Farías Quijada,Frente Amplio,RD,interno,,,
172,Maule,7,17,Sergio Aguiló,Unidad Constituyente,PS,interno,,,
173,Maule,7,18,Rodrigo Medina Jara,Unidad Constituyente,PS,interno,,,
174,Maule,7,18,Ricardo Montero Allende,Unidad Constituyente,PS,interno,,,
175,Ñuble,7.5,19,Oliver Cisterna,Unidad Constituyente,PS,interno,,,
176,Ñuble,7.5,19,Felipe Aylwin Lagos,Unidad Constituyente,PS,interno,,,
177,Ñuble,7.5,19,Gonzalo Guajardo,Unidad Constituyente,PS,interno,,,
178,Ñuble,7.5,19,César Rodríguez Alaracon,Unidad Constituyente,PS,interno,,,
179,Bío-Bío,8,20,Amaya Alvez Marín,Frente Amplio,RD,interno,,,
180,Bío-Bío,8,20,Fah Bastías Macias,Unidad Constituyente,PS,interno,,,
181,Bío-Bío,8,20,Narciso Cortés Pastén,Unidad Constituyente,PS,interno,,,
182,Bío-Bío,8,20,Enrique Inostroza,Unidad Constituyente,PS,interno,,,
183,Bío-Bío,8,20,Iván Pérez Muñoz,Unidad Constituyente,PS,interno,,,
184,Bío-Bío,8,20,José Silva Inostroza,Unidad Constituyente,PS,interno,,,
185,Bío-Bío,8,20,Domingo Ramos,Unidad Constituyente,PS,interno,,,
186,Bío-Bío,8,20,Andrés Smith Bustos,Unidad Constituyente,PS,interno,,,
187,Bío-Bío,8,20,Alejandro Ugarte,Unidad Constituyente,PS,interno,,,
188,Bío-Bío,8,20,María Viveros Ovando,Unidad Constituyente,PS,interno,,,
189,Bío-Bío,8,21,Camilo Escalona,Unidad Constituyente,PS,https://www.chvnoticias.cl/nacional/plebiscito-2020-nombres-candidatos-convencion-constituyente_20200907/,,,
190,Bío-Bío,8,21,Juan Canales,Unidad Constituyente,PS,interno,,,
191,Araucanía,9,22,Hugo Araya Padilla,Unidad Constituyente,PS,interno,,,
192,Araucanía,9,23,Minerva Castañeda,Unidad Constituyente,PS,interno,,,
193,Araucanía,9,23,Alex Manosalva,Unidad Constituyente,PS,interno,,,
194,Araucanía,9,23,Pedro Cayuqueo,Unidad Constituyente,PS,Twitter,27-10-2020,https://www.t13.cl/noticia/plebiscito-2020/politica/convencion-constitucional-candidatos-eleccion-plebiscito-27-10-2020,https://twitter.com/pcayuqueo/status/1317514380339195907
195,Los Ríos,9.5,24,Sandra Cheuquepan,Frente Amplio,RD,interno,,,
196,Los Lagos,10,25,Daniela Carvacho,Frente Amplio,RD,interno,,,
197,Los Lagos,10,25,Pedro Glatz Brahm,Frente Amplio,RD,interno,,,
198,Los Lagos,10,26,Esteban Vielma,Frente Amplio,RD,interno,,,
199,Los Lagos,10,26,Álvaro Seguel Solis,Unidad Constituyente,PS,interno,,,
200,Los Lagos,10,26,Julio Alvarez Pinto,Unidad Constituyente,PS,interno,,,
201,Los Lagos,10,26,Ian Cataldo Muñoz,Unidad Constituyente,PS,interno,,,
202,Los Lagos,10,26,Jorge Millaquen,Unidad Constituyente,PS,interno,,,
203,Aysén,11,27,Almendra Silva,Unidad Constituyente,DC,interno,,,
204,Magallanes,12,28,Luis Navarro Almonacid,Unidad Constituyente,PS,interno,,,
205,Magallanes,12,28,Mario Pascual Prado,Unidad Constituyente,PS,interno,,,
206,Valparaíso,5,999,Francisca Desbordes,Chile Vamos,RN,https://www.latercera.com/politica/noticia/hijas-de-pinera-y-desbordes-y-dos-subsecretarios-las-cartas-de-rn-para-la-convencion-constitucional/5V2FTWH5L5A7JNIFJIV7QKRPMQ/,,,
207,s/i,s/i,999,Javier Álvarez,Chile Vamos,Evopoli,La Segunda 29 de septiembre,,,
208,s/i,s/i,999,José Francisco García,Chile Vamos,Evopoli,La Segunda 29 de septiembre,,,
209,s/i,s/i,999,Ítalo Zunino,Chile Vamos,Evopoli,La Segunda 29 de septiembre,,,
210,s/i,s/i,999,Pauline Kantor,Chile Vamos,Evopoli,La Segunda 29 de septiembre,,,
211,s/i,s/i,999,Klaus Schmidt-Hebbel,Chile Vamos,Evopoli,La Segunda 29 de septiembre,,,
212,s/i,s/i,999,Gloria Hutt,Chile Vamos,Evopoli,La Segunda 29 de septiembre,,,
213,s/i,s/i,999,Gonzalo Blumel,Chile Vamos,Evopoli,La Segunda 29 de septiembre,,,
214,s/i,s/i,999,José Ferrada,Chile Vamos,PRI,La Segunda 29 de septiembre,,,
215,s/i,s/i,999,Beatriz Hevia,Chile Vamos,Republicano,La Segunda 29 de septiembre,,,
216,s/i,s/i,999,José Carlos Meza,Chile Vamos,Republicano,La Segunda 29 de septiembre,,,
217,s/i,s/i,999,Víctor Melinao,Chile Vamos,Republicano,La Segunda 29 de septiembre,,,
218,s/i,s/i,999,Jorge Barrera,Chile Vamos,Republicano,La Segunda 29 de septiembre,,,
219,s/i,s/i,999,Katherine Martorell,Chile Vamos,RN,La Segunda 29 de septiembre,,,
220,s/i,s/i,999,Baldo Prokurica,Chile Vamos,RN,La Segunda 29 de septiembre,,,
221,s/i,s/i,999,Gastón Gómez,Chile Vamos,RN,La Segunda 29 de septiembre,,,
222,s/i,s/i,999,Rodrigo Galilea,Chile Vamos,RN,La Segunda 29 de septiembre,,,
223,s/i,s/i,999,Juan José Ossa,Chile Vamos,RN,La Segunda 29 de septiembre,,,
224,s/i,s/i,999,Verónica Campinos,Chile Vamos,RN,La Segunda 29 de septiembre,,,
225,s/i,s/i,999,Javier Molina,Chile Vamos,RN,La Segunda 29 de septiembre,,,
226,s/i,s/i,999,Luis Mayol,Chile Vamos,RN,La Segunda 29 de septiembre,,,
227,s/i,s/i,999,Arturo Fermandois,Chile Vamos,UDI,La Segunda 29 de septiembre,,,
228,s/i,s/i,999,Virginia Reginato,Chile Vamos,UDI,La Segunda 29 de septiembre,,,
229,s/i,s/i,999,Felipe de Mussy,Chile Vamos,UDI,La Segunda 29 de septiembre,,,
230,s/i,s/i,999,Jaime Bellolio,Chile Vamos,UDI,La Segunda 29 de septiembre,,,
231,s/i,s/i,999,Claudia Nogueira,Chile Vamos,UDI,La Segunda 29 de septiembre,,,
232,s/i,s/i,999,Constanza Hube,Chile Vamos,UDI,La Segunda 29 de septiembre,,,
233,s/i,s/i,999,Manuel Antonio Garretón,Frente Amplio,Ind,La Segunda 4 de septiembre,,,
234,s/i,s/i,999,Juan José Santa Cruz,Unidad Constituyente,CIU,La Segunda 29 de septiembre,,,
235,s/i,s/i,999,Ricardo Hormazábal,Unidad Constituyente,DC,La Segunda 4 de septiembre,,,
236,s/i,s/i,999,Luciano Fouillioux,Unidad Constituyente,DC,La Segunda 4 de septiembre,,,
237,s/i,s/i,999,René Cortázar,Unidad Constituyente,DC,La Segunda 4 de septiembre,,,
238,s/i,s/i,999,Andrés Jouannet,Unidad Constituyente,DC,La Segunda 4 de septiembre,,,
239,s/i,s/i,999,Paola Tapia,Unidad Constituyente,PPD,https://www.t13.cl/noticia/politica/eyzaguirre-constituyente-cartas-prepara-oposicion-batalla-constitucional,,,
240,s/i,s/i,999,Sofía Prats,Unidad Constituyente,PPD,https://www.t13.cl/noticia/politica/eyzaguirre-constituyente-cartas-prepara-oposicion-batalla-constitucional,,,
241,s/i,s/i,999,Marta Maurás,Unidad Constituyente,PPD,La Segunda 4 de septiembre,,,
242,s/i,s/i,999,Jorge Insunza,Unidad Constituyente,PPD,La Segunda 4 de septiembre,,,
243,s/i,s/i,999,Natalia Piergentili,Unidad Constituyente,PPD,La Segunda 4 de septiembre,,,
244,s/i,s/i,999,Lorena Saldías,Unidad Constituyente,PR,La Segunda 4 de septiembre,,,
245,s/i,s/i,999,Emilio Oñate,Unidad Constituyente,PR,La Segunda 4 de septiembre,,,
246,s/i,s/i,999,Alberto Robles,Unidad Constituyente,PR,La Segunda 4 de septiembre,,,
247,s/i,s/i,999,Isidro Solis,Unidad Constituyente,PR,La Segunda 4 de septiembre,,,
248,s/i,s/i,999,Jaime Campos,Unidad Constituyente,PR,La Segunda 4 de septiembre,,,
249,s/i,s/i,999,Clemira Pacheco,Unidad Constituyente,PS,La Segunda 4 de septiembre,,,
250,s/i,s/i,999,Paula Nerváez,Unidad Constituyente,PS,La Segunda 4 de septiembre,,,
251,s/i,s/i,999,Carmen Andrade,Unidad Constituyente,PS,La Segunda 4 de septiembre,,,
252,s/i,s/i,999,Aníbal Pérez,Chile Digno,FRVS,La Segunda 4 de septiembre,,,
253,s/i,s/i,999,Nicolás Núñez,Chile Digno,FRVS,La Segunda 4 de septiembre,,,
254,s/i,s/i,999,Lorena Pizarro,Chile Digno,PC,La Segunda 4 de septiembre,,,
255,s/i,s/i,999,Lautaro Carmona,Chile Digno,PC,La Segunda 4 de septiembre,,,
256,s/i,s/i,999,Rosa Vilches,,Ind,https://twitter.com/NoNeutrales/status/1311763217346113540,,,
257,s/i,s/i,999,Alejandra Sepúlveda,,Ind,https://twitter.com/NoNeutrales/status/1311763217346113540,,,
258,s/i,s/i,999,Zarko Luksic,,Ind,La Segunda 4 de septiembre,,,
259,s/i,s/i,999,Valentina Maltés,,PH,La Segunda 4 de septiembre,,,
260,s/i,s/i,999,Felipe Sandoval,,,La Segunda 4 de septiembre,,,
261,s/i,s/i,999,Luis Mesina,,,La Segunda 4 de septiembre,,,
262,s/i,s/i,999,Ana María Gazmuri,,,La Segunda 4 de septiembre,,,
263,s/i,s/i,999,Claudia Dides,,,La Segunda 4 de septiembre,,,
264,s/i,s/i,999,Daniel Moya,,,La Segunda 29 de septiembre,,,
265,s/i,s/i,999,Rodrigo Durán,,,La Segunda 29 de septiembre,,,
266,s/i,s/i,999,Eugenio Evans,,,La Segunda 29 de septiembre,,,
267,s/i,s/i,999,Mariela Silva,,,La Segunda 29 de septiembre,,,
268,s/i,s/i,999,Juan José Arcos,,,La Segunda 29 de septiembre,,,
269,s/i,s/i,999,Juan Ignacio Correa,,,La Segunda 29 de septiembre,,,
270,s/i,s/i,999,Nelsón Bravo,,,La Segunda 29 de septiembre,,,
271,s/i,s/i,999,Giovanna Grandón,,,T13,27-10-2020,https://www.t13.cl/noticia/plebiscito-2020/politica/convencion-constitucional-candidatos-eleccion-plebiscito-27-10-2020,https://www.t13.cl/noticia/nacional/tia-pikachu-ano-del-estallido-social-me-quiero-postular-constituyente
272,s/i,s/i,999,Ana Tijoux,,,T13,27-10-2020,https://www.t13.cl/noticia/plebiscito-2020/politica/convencion-constitucional-candidatos-eleccion-plebiscito-27-10-2021,
273,s/i,s/i,999,Adriana Barrientos,Chile Digno,FRVS,T13,27-10-2020,https://www.t13.cl/noticia/plebiscito-2020/politica/convencion-constitucional-candidatos-eleccion-plebiscito-27-10-2022,https://www.t13.cl/noticia/plebiscito-2020/tendencias/adriana-barrientos-apruebo-plebiscito-ser-constituyente-06-10-2020
274,s/i,s/i,999,Ricardo Greene,Frente Amplio,CS,T13,27-10-2020,https://www.t13.cl/noticia/plebiscito-2020/politica/convencion-constitucional-candidatos-eleccion-plebiscito-27-10-2023,
275,s/i,s/i,999,Ernesto Garrat,,,T13,27-10-2020,https://www.t13.cl/noticia/plebiscito-2020/politica/convencion-constitucional-candidatos-eleccion-plebiscito-27-10-2024,
276,s/i,s/i,999,Elena Bolados,,,T13,27-10-2020,https://www.t13.cl/noticia/plebiscito-2020/politica/convencion-constitucional-candidatos-eleccion-plebiscito-27-10-2025,
277,s/i,s/i,999,Verónica Undurraga,,,T13,27-10-2020,https://www.t13.cl/noticia/plebiscito-2020/politica/convencion-constitucional-candidatos-eleccion-plebiscito-27-10-2026,
278,s/i,s/i,999,Bernardo de la Maza,,,T13,27-10-2020,https://www.t13.cl/noticia/plebiscito-2020/politica/convencion-constitucional-candidatos-eleccion-plebiscito-27-10-2027,
279,s/i,s/i,999,Jorge Baradit,,,T13,27-10-2020,https://www.t13.cl/noticia/plebiscito-2020/politica/convencion-constitucional-candidatos-eleccion-plebiscito-27-10-2031,https://www.theclinic.cl/2020/09/03/jorge-baradit-lo-he-pensado-muchisimo-y-tengo-todo-el-interes-de-ser-candidato-a-la-convencion-constituyente/
280,s/i,s/i,999,Patricia Politzer,,,T13,27-10-2020,https://www.t13.cl/noticia/plebiscito-2020/politica/convencion-constitucional-candidatos-eleccion-plebiscito-27-10-2032,
281,s/i,s/i,999,Rafael Harvey,,,T13,27-10-2020,https://www.t13.cl/noticia/plebiscito-2020/politica/convencion-constitucional-candidatos-eleccion-plebiscito-27-10-2033,https://twitter.com/RafaelHarvey3/status/1320849500110467078
282,s/i,s/i,999,Clemente Pérez,,,T13,27-10-2020,https://www.t13.cl/noticia/plebiscito-2020/politica/convencion-constitucional-candidatos-eleccion-plebiscito-27-10-2034,https://twitter.com/ClementePerezE/status/1321069765029466117
283,s/i,s/i,999,Bárbara Lara,Independiente,Ind,Twitter,29-10-2020,https://twitter.com/barbaritalaram/status/1321898244096565248,
